iter	RMSE
0	0.1095884823
1	0.1052307048
2	0.100324466
3	0.09872475896
4	0.09695527982
5	0.09569019613
6	0.09497128734
7	0.09423444302
8	0.09417728245
9	0.09309166216
